[{"month":"02","day":"23"},{"exist":false,"topic":"尚未開學","place":"","remark":"停課"},{"topic":"國定假日","remark":"停課","exist":false,"place":""},{"topic":"環境設置","remark":"","exist":true,"place":"1401B"},{"topic":"條件判斷","remark":"","exist":true,"place":"1401B"},{"topic":"迴圈","remark":"","exist":true,"place":"1008"},{"topic":"期中考週","remark":"停課","exist":false,"place":""},{"topic":"陣列與指標","remark":"","exist":true,"place":"1401B"},{"topic":"結構體","remark":"","exist":true,"place":"1401B"}]