[{"month":"02","day":"21"},{"exist":false,"topic":"尚未開學","place":"","remark":""},{"topic":"國定假日","remark":"","exist":false,"place":""},{"topic":"環境設置","remark":"時間改17:00","exist":true,"place":"1401B"},{"topic":"條件判斷","remark":"時間改17:00","exist":true,"place":"1401B"},{"topic":"迴圈","remark":"","exist":true,"place":"1008"},{"topic":"期中考週","remark":"開放輔導","exist":false,"place":""},{"topic":"陣列與指標","remark":"繳社費","exist":true,"place":"1401B"},{"topic":"結構體","remark":"","exist":true,"place":"1401B"}]